RA (J2000),Dec (J2000),G_mean_magnitude
283.62885,48.391003,13.071632
290.95615,49.366398,14.221773
289.07571,51.757439,11.747176
285.92889,38.520981,14.47437
285.01309,40.220749,14.412604
297.72925,42.86692,15.739286
287.5264,42.912899,15.655394
290.3815,43.292988,12.471533
282.25021,44.921108,16.310108
300.20609,45.018139,14.751061
294.23764,45.197105,17.120575
284.92184,45.972401,14.458199
298.73611,46.498634,16.71568